QuantityInStock,DaysUntilExpiry,ProductCategory,HistoricalSales
549.6714153011233,5.499034054052308,Equipment,175.58265266183253
486.1735698828815,3.31346451855227,Medicine,204.49976309315375
564.7688538100692,30.35352344112391,Medicine,245.6552262301061
652.3029856408025,36.77384818534799,Supplies,193.7791737066302
476.5846625276664,0.9628724020809634,Produce,145.60884833296961
476.58630430508197,82.56582163346727,Dairy,241.33577016656457
657.9212815507392,1.601114570370241,Dairy,193.88543766374644
576.7434729152909,23.38052664286866,Equipment,175.5712774311562
453.05256140650476,37.03920012183717,Bakery,196.33794840730457
554.2560043585964,61.43110657364283,Supplies,202.45064656956407
453.65823071875377,37.562024186160784,Medicine,202.05194187419153
453.4270246429743,48.54347617790178,Dairy,165.5031194112669
524.1962271566034,12.440482474393008,Medicine,226.5811878905995
308.6719755342202,50.5936370804377,Supplies,201.6615169192153
327.5082167486967,2.50519349274488,Dairy,187.03385824803223
443.77124707590275,67.56150956355648,Bakery,200.40416608087216
398.71688796655764,23.795150486367884,Supplies,167.73943336088936
531.4247332595273,50.99692828996556,Produce,213.51051116634636
409.1975924478789,18.061829158051392,Bakery,206.92656161505178
358.76962986647084,30.94917005160266,Medicine,214.71835778681003
646.5648768921554,22.421934418763087,Equipment,191.1839789230272
477.4223699513464,39.45713504960762,Supplies,189.1107156482097
506.7528204687924,2.554646996668685,Supplies,181.0982136375184
357.52518137865434,1.8675009395704523,Supplies,185.802715050586
445.5617275474817,8.514814726197491,Bakery,207.90371091434136
511.0922589709866,5.214344595454501,Produce,204.4975319423363
384.90064225776973,61.62106671007195,Dairy,210.97713013940015
537.5698018345672,7.423624745416618,Equipment,215.67797546023513
439.9361310081195,111.7230842830228,Produce,243.0504111615133
470.8306250206723,12.32469372994288,Bakery,181.02365116356728
439.8293387770603,6.031113119365586,Produce,210.06588983989266
685.2278184508938,46.77639292783042,Medicine,255.86904375978514
498.6502775262066,32.25048616024556,Dairy,197.1293904101738
394.22890710441,20.68635326170301,Medicine,190.17620799330766
582.2544912103189,24.31494897346862,Equipment,206.31443451058144
377.9156350028978,38.10356819186899,Medicine,216.10704350157596
520.8863595004756,7.780798370601202,Dairy,199.92488044797227
304.03298761202245,168.25893696143115,Produce,255.75894071077553
367.1813951101569,110.41919933670285,Medicine,275.9268866708947
519.6861235869123,31.522592703976706,Supplies,209.1607717553773
573.8466579995411,6.6771533540668,Supplies,184.535954302288
517.1368281189971,34.20443385826106,Supplies,207.6421113563799
488.4351717611759,2.2481211550287985,Medicine,179.3170996830812
469.8896304410711,0.9339634957085844,Supplies,175.4144857908976
352.1478009632573,8.939362594166896,Produce,210.87058838807138
428.0155791605291,18.63165905620317,Medicine,197.756469536307
453.93612290402126,60.81059775572521,Medicine,208.84623259588304
605.7122226218916,38.96708936453667,Supplies,187.0129891725963
534.3618289568461,40.72613714247966,Bakery,197.0065907200767
323.69598446372663,16.627307382222416,Produce,159.9880139749298
532.4083969394795,12.736455980684479,Produce,187.1989057124896
461.49177195836836,13.910569516418912,Supplies,144.99312157047345
432.30779996940413,131.82191674549512,Dairy,249.45410504868002
561.1676288840868,1.22807226131786,Medicine,224.77634249480056
603.099952249595,60.52928975267216,Dairy,212.41951649835718
593.1280119116199,25.930552240579875,Bakery,247.66375578428728
416.07824767773616,17.320472431039786,Dairy,200.4839027538454
469.07876241487855,38.75764702466611,Bakery,231.89831146630206
533.1263431403564,20.00502910797642,Produce,185.15845779098112
597.5545127122359,62.007190238033004,Medicine,257.8495509315724
452.082576215471,69.28885438861124,Bakery,203.01400680794646
481.4341023336183,16.430961040620744,Medicine,224.16384077040237
389.36650259939717,9.723237212554258,Dairy,187.23505566208746
380.37933759193294,26.92041365822728,Medicine,212.5631649880026
581.2525822394198,73.03667818570797,Medicine,221.13170520429892
635.6240028570824,7.096826968500737,Supplies,169.2094169244265
492.7989878419666,29.262643730987268,Equipment,205.855785014758
600.3532897892024,29.954340006766305,Supplies,176.04553889781937
536.1636025047634,39.627900453805665,Dairy,222.69443631936164
435.4880245394876,4.231968891079813,Medicine,168.32203077028373
536.1395605508415,37.744947273813295,Medicine,239.44991394532417
653.8036566465969,71.91759618867735,Dairy,216.68869746362816
496.41739608900485,5.941936823404337,Supplies,183.6587067741931
656.4643655814007,8.136287750614859,Produce,217.22719910636752
238.02548959102558,106.62531116584535,Dairy,203.17976817343373
582.1902504375224,5.989291642654737,Bakery,217.85420220677415
508.7047068238171,57.803693032699734,Produce,219.98116246540272
470.09926495341324,20.334628276606473,Supplies,166.40040350978978
509.17607765355024,8.519909099831114,Produce,170.00646863374644
301.24310853991074,61.380180052345466,Equipment,151.5618870467122
478.03281121624883,17.680119766798672,Equipment,193.6363419510181
535.7112571511747,21.696896073033543,Produce,168.12351832439313
647.7894044741516,13.352698775334236,Supplies,193.36217382390845
448.1729781726353,26.964640280552356,Produce,188.03065363589474
419.1506397106812,5.356718928528941,Produce,193.1762789440965
449.8242956415463,14.882127190904207,Bakery,191.38258316980946
591.5402117702074,104.61474125463431,Bakery,249.87243607739606
532.8751109659685,8.957576412720186,Supplies,192.40371338872285
447.0239796232961,32.077721535513085,Equipment,197.4424193117685
551.3267433113356,11.799726131667812,Dairy,207.35565654062302
509.70775493480403,44.54675072121495,Supplies,202.62950265025842
596.8644990532889,4.208003388304102,Dairy,171.07900913533882
429.79469061226473,105.018313632732,Produce,245.62439947733213
467.23378534022316,18.142527664942133,Produce,203.04401824676543
460.7891846867842,8.077606304931606,Supplies,149.78405904961426
353.64850518678816,2.2901316766781123,Equipment,161.62830688353387
529.6120277064576,5.581138203137818,Supplies,174.96562611966206
526.1055272179889,22.004950362887445,Medicine,210.92309221520793
500.5113456642461,12.329552394154998,Bakery,207.8931100948728
476.54128666248533,52.962296523664726,Supplies,222.76261256470457
358.46292579495855,16.910315720567773,Medicine,215.93678499323633
457.9354677234641,8.57907710927553,Medicine,173.83870145835607
465.72854834732306,28.802967497204033,Dairy,213.4157383894553
419.7722730778381,36.804678208780345,Dairy,226.95823280288215
483.8714288333991,5.483158430575404,Supplies,178.8648925124117
540.4050856814538,5.5039581039228205,Medicine,228.61209612382612
688.618590121053,1.120821840284482,Supplies,229.66767884626285
517.4577812831839,39.99990362369502,Equipment,222.21992086230554
525.7550390722764,32.70187575441297,Produce,208.9126136972687
492.55540842338326,19.309625089058784,Dairy,219.81212286856277
308.1228784700959,55.7697747202845,Supplies,181.59493186908966
497.3486124550783,49.14594963508054,Equipment,204.78589692874723
506.02302099410264,26.40993040907765,Bakery,201.77898258967446
746.3242112485286,60.81031879587008,Supplies,256.3058476994301
480.76390352188776,6.914155511117206,Produce,170.16489478890736
530.1547342333613,3.5607906417085373,Medicine,235.4432232377527
496.5288230294757,9.431034171843237,Supplies,184.36568186367663
383.1321962380468,1.7634332018988812,Medicine,161.2088127287153
614.2822814515021,22.725421285018317,Dairy,220.1439246474878
575.1933032686774,82.751436162059,Bakery,201.89451825486475
579.1031947043047,1.204152492281467,Supplies,191.02255605319192
409.0612545205261,3.9070163994935028,Medicine,210.56426331157917
640.2794310936099,18.055297449057928,Medicine,211.2084727208489
359.8148937207719,81.48625961627984,Supplies,199.19557309932875
558.685709380027,11.40076833170361,Medicine,250.65210377886024
719.0455625809979,21.231675113140355,Medicine,222.40545972943121
400.9463674869312,1.2738519900315508,Produce,154.5534110025769
443.3702270397228,4.817149540092568,Supplies,196.37886552327052
509.96513650876415,129.44253253600135,Equipment,284.96952372949295
449.65243458838006,100.67412923459727,Bakery,240.3762215130936
344.93365689338674,0.14856668921482846,Medicine,204.7969097421132
506.85629748060273,90.97922396036446,Bakery,268.0047600388601
393.7696286273895,30.576288407055028,Equipment,169.8154224154988
547.3592430635182,60.73003700929532,Bakery,220.39482610364212
408.0575765766197,18.194768072760283,Dairy,214.5206319571368
654.993440501754,21.745082060933132,Produce,245.07217065481217
421.67467076637627,20.132564985265798,Bakery,208.4913667727576
467.79384837943246,32.9761571119675,Equipment,175.6711763238859
581.351721736967,4.512523626283715,Bakery,245.13265622082739
376.91356835660446,0.9129594275991381,Supplies,147.52841859322075
522.7459934604129,11.042042640413426,Supplies,171.09286504281897
630.7142754282428,36.590950426225184,Supplies,208.2136594457293
339.25167654387724,6.763891633098311,Dairy,208.39032188523237
518.4633858532304,33.57355227995937,Medicine,235.7126342563472
525.9882794248424,105.10891170687628,Dairy,253.4505938031606
578.182287177731,2.958191811653609,Dairy,208.56309522596203
376.3049289121918,33.497372517136085,Produce,190.24947252265653
367.9543386915724,17.596135192715206,Bakery,201.756291755885
552.1941565616897,60.78094866580549,Supplies,155.01868843518565
529.6984673233186,5.849432971759314,Equipment,179.96241403681555
525.0492850345877,35.39069629141061,Equipment,205.02671534749967
534.6448209496975,54.62612584792937,Equipment,187.75726334654428
431.99752784215093,86.80297162140819,Medicine,244.3277049511504
523.2253697161003,34.48908704953866,Supplies,185.47765607665693
529.3072473298681,20.625378378346188,Equipment,228.3529278884697
428.5648581973632,28.858045666528245,Bakery,233.74590315729756
686.5774511144757,60.95498728103734,Dairy,229.819127369603
547.3832920911788,25.361672762070175,Supplies,184.40241135881902
380.86965027973514,0.9257495320171559,Dairy,177.07088848181425
565.655360863383,80.1871652189752,Medicine,237.62592917263345
402.53183297726787,35.08972608033451,Supplies,181.6985460184566
578.7084603742452,33.85792631638467,Dairy,199.63416781786506
615.8595579007404,7.287959940540719,Supplies,162.61762906159385
417.93176816482895,32.266109810042664,Supplies,190.38045619950964
596.3376129244322,15.019546946875765,Bakery,224.73412645031732
541.2780926936498,31.600534070617094,Bakery,198.84176111147366
582.2060159994489,3.3813920634808814,Dairy,217.81840624693731
689.6792982653948,32.1747695539757,Dairy,212.4237600202207
475.46118839971297,223.25168729113216,Dairy,304.23526724629704
424.62638356425106,1.4823899668290206,Equipment,189.61071359208876
411.04855703744767,113.39589337686687,Supplies,217.13055109810392
418.4189715034562,15.67217047363792,Medicine,208.7728006299873
492.2898290585896,61.381003830472594,Supplies,189.59089194334382
534.1151974816644,45.75090170802878,Dairy,212.35763893361886
527.6690799330019,25.111653177796573,Equipment,191.20554596459166
582.7183249036024,40.233803575579756,Bakery,208.45716734734532
501.3001891877907,63.23907302875019,Bakery,223.2140721708385
645.3534077157317,15.53250235946108,Produce,176.3292259740288
473.5343166762044,11.881776743730194,Dairy,183.47124509664346
772.0169166589619,33.04188951516921,Bakery,233.02512655608737
562.5667347765007,49.4837352891322,Medicine,225.87494607230855
414.2842443583718,43.100501064615365,Produce,193.14872605072927
392.91075019388876,47.956964293433266,Medicine,212.03427316890293
548.2472415243185,17.158874902256596,Produce,207.99299196528142
477.6537214674149,51.0851431915759,Equipment,220.7982852251799
571.4000494092093,3.8421288796071438,Bakery,191.06576484375915
547.3237624573545,23.59006885032849,Bakery,187.4633935631168
492.7171087343127,0.17325916548761564,Medicine,178.517452211313
415.3206281931595,11.772875728295634,Supplies,157.67444225956524
348.5152775314135,13.693036878875585,Bakery,179.65961983624896
455.3485047932979,15.134011055660023,Supplies,157.70193468321068
585.6398794323472,35.669295060934324,Bakery,195.47630218870398
521.4093744130204,14.758060281342194,Dairy,190.39755103248936
375.4261221288012,17.863937566917855,Supplies,170.1031133986185
517.3180925851182,8.136319461959337,Equipment,197.70055830620277
538.5317379728837,14.016312016520287,Equipment,179.71286874338207
411.6142563798867,7.734752925991465,Produce,171.7688456581157
515.3725105945528,2.2803926476616168,Supplies,154.14348120633989
505.8208718446,27.748487859553688,Dairy,203.8275477067413
385.7029702169377,33.09784425213207,Supplies,158.1506464639435
535.7787360348283,28.987311904452547,Dairy,219.5340858205331
556.0784526368234,18.680328450508423,Bakery,174.23067965025433
608.3051243175277,14.330710343396998,Bakery,205.80327415440203
605.3802052034903,59.70638165684265,Supplies,216.4133581326052
362.2330632042909,21.96174164404781,Produce,185.8808674689031
406.21749600848773,19.570631745457483,Produce,239.26773875318744
551.5035267208659,0.7792966182604342,Dairy,202.53600147257498
551.3785950912209,12.52223644232393,Bakery,186.31788579344385
551.5047686306048,14.350540946964156,Equipment,190.41646239476108
885.2731490654721,15.265965425939976,Medicine,210.63537095018816
557.0890510693167,26.03733164595812,Bakery,212.1155759439755
613.5565640180599,22.881513130586065,Supplies,176.13529182708385
595.4001763493202,28.087540748244592,Bakery,236.89159352025754
565.1391251305798,43.43019386360643,Bakery,212.23820395295053
468.47307553596545,50.29711204455494,Medicine,219.66054525996907
575.8969220493268,37.988542314941725,Bakery,208.8728065343155
422.71747854624283,93.38396175012616,Supplies,243.740755766754
476.31813932599914,0.5520253374810008,Dairy,181.48297127898218
451.46364521708966,6.5363973213753885,Dairy,225.06570405198067
508.18741393863223,0.22774855594247068,Bakery,212.21565091419978
731.4658566673509,31.27898779223255,Medicine,248.4274141095591
313.2734807408252,68.4924603019943,Supplies,192.94824117143006
568.6260190374513,8.370880328333204,Produce,203.9239880322368
338.72841288103484,78.53307498671157,Produce,169.58592719454703
452.80681342105663,1.8647970581616191,Produce,175.63541198817134
608.8950596967366,81.74186769000355,Medicine,268.6635992383618
506.42800190954625,12.998474379196152,Equipment,186.1640937110706
392.2255222070694,3.2082138417581056,Supplies,132.7228622055145
428.4696290740032,19.958476466982347,Produce,186.7781121293421
567.9597748934676,8.902756892345156,Equipment,225.32946626062918
426.96333682828634,10.05884977774986,Equipment,202.66359288239798
521.6458589581974,11.014313614838358,Bakery,201.43166251591828
504.55718399038136,48.7404905989627,Medicine,243.85494923968122
434.8399652394183,23.24121414414781,Bakery,192.77446318865472
714.3944089325325,11.188820872603577,Produce,177.95641959302068
563.3919022318012,28.27394282863537,Produce,186.9868418749067
297.48574133423926,37.779351739443044,Equipment,209.89602537330939
518.6454314769428,9.549352266241382,Medicine,201.1593576442289
433.8213535231612,16.009990018773063,Produce,181.51945077420228
585.2433334796224,3.8993687856420163,Bakery,199.47725381528562
420.74792615672993,5.995607031664162,Produce,218.15532792296523
488.5263558533101,34.28801077878511,Medicine,248.51581928196487
550.4987278980457,6.006196844509417,Produce,237.42857588102197
586.5755194170122,22.343534991963,Produce,201.6484152296817
379.9703592944224,37.037729983190566,Dairy,202.4283906959794
466.54987641590515,3.3909265056141127,Produce,153.01759990598174
452.50546888390437,25.132166177044404,Bakery,232.3553184992781
434.6670767426288,8.894128802774524,Dairy,164.55818105029144
676.5454240281097,98.84588915423778,Medicine,271.41299825518246
540.4981710960956,19.823051139804214,Supplies,162.01529212685477
373.9116045664955,49.195761523060774,Medicine,200.211704683406
591.7861947054776,23.970337499808334,Supplies,174.41853959945792
712.2156197012633,1.3314914783959837,Supplies,179.729802495808
603.2465260551147,30.08417950723057,Medicine,214.58428829614715
348.06300340459865,90.72601560374198,Supplies,189.2039322438293
451.57659271337485,27.609852682614736,Medicine,225.62926384825101
626.6911149186623,51.30906644123188,Produce,201.22638885123177
429.23305343812194,64.678395904621,Bakery,224.67333183640005
544.3819428146228,7.766221975095007,Medicine,232.68048831512095
577.4634053429337,7.149422825404673,Bakery,196.05712465672778
407.3069528421917,28.32381194128591,Dairy,180.53422343991008
494.04746439382,15.881322970007318,Equipment,182.73491542078062
175.87326599309273,54.95144946506771,Medicine,218.65755549905734
397.561235866571,69.08449061138568,Dairy,218.18052151141708
474.743184860684,13.081814352705441,Produce,178.39093977026917
375.221681803515,8.109828438253292,Produce,186.25461542323896
663.2411303931635,45.49557887377346,Medicine,217.0260594794746
356.98586220393673,9.639483682024974,Medicine,204.14551827026514
455.9955513303016,51.88286776557105,Supplies,199.71313516985103
513.0740577286091,16.535799022662307,Equipment,183.4191358614144
644.1273289066115,33.03796509616111,Equipment,194.1599994697971
356.41378488205606,3.012360518733774,Equipment,149.41394030190335
616.316375215496,29.333762071961225,Produce,221.99486528444842
501.0233061019587,18.03168413888355,Bakery,228.69778272941892
401.8491348952049,26.500803121998146,Supplies,160.68916010994366
546.2103474263271,5.518197447694738,Bakery,211.54786753750975
519.905969557347,40.05363914245598,Equipment,160.2768761549213
439.97831228412053,59.58882789635633,Supplies,182.09989056344625
506.9802084990019,7.328709800656181,Equipment,183.74119709281024
461.468640313824,3.018306337884029,Dairy,169.46234886068774
511.3517345251248,0.7176737979472197,Bakery,177.76388285569416
566.2130674521047,30.81428064148762,Dairy,198.67285593657655
658.6016816145352,28.025549199717542,Supplies,205.71679732783977
376.2184501173151,23.73586240150697,Dairy,185.7431958443575
713.3033374656267,7.916899888238665,Medicine,180.52415902418255
304.7912200477498,14.873479951956156,Bakery,140.50185892805172
484.82149049644164,27.07728142617966,Dairy,189.8834862055905
558.8317206484577,20.601051449757477,Supplies,195.33742951079557
528.0991867735032,132.1539949014398,Dairy,203.9368192735655
437.7300480179406,4.400748378459819,Dairy,175.97877546799134
479.1877749642725,35.63752687261391,Medicine,205.2125838023858
450.69990653411674,15.541488024311983,Produce,215.60749022973664
441.0635243055788,16.768959769551472,Equipment,174.79039608107635
584.9602097021025,37.93268584257159,Produce,220.12214358631462
535.7015485965047,35.37217725959444,Produce,209.08138629119694
430.7090404739346,142.1816042359311,Produce,206.55037656921502
589.959987543325,4.122543724097493,Dairy,216.421414949016
530.7299520876609,3.298117501219662,Dairy,199.02998406850168
581.286211883896,38.65748297020627,Medicine,237.62273546698455
562.9628841923612,25.910017514039414,Produce,282.7760513049824
417.10049890779277,9.612797773500784,Equipment,134.83418998755792
443.981895980303,2.4825206204339243,Supplies,200.13338290346945
574.7293605123261,2.686526131917238,Equipment,183.06724872918412
561.0370265433464,67.38355537396768,Medicine,245.54205842937867
497.90984060358517,6.3908709557989205,Dairy,192.07617463223312
511.7327383308782,11.718989788427423,Medicine,198.54804205934067
627.7664895788425,7.710954902868999,Produce,190.23546784454356
440.842861116417,13.154977044312622,Equipment,187.25194934525817
554.7097381170038,2.158540821948895,Medicine,176.20677028924126
479.78073475661057,21.960369660766045,Dairy,213.9698416564794
478.23187967727796,2.1002053913232412,Medicine,190.54940256568432
609.8776851987191,48.33666126477756,Equipment,192.55471237145352
582.541634898803,7.98591923052618,Produce,188.2468659452271
581.3509636000639,23.29664073445784,Medicine,244.92640106448675
630.5478807154329,63.627684494692254,Bakery,229.16192857856495
502.1003841632759,31.569961212307923,Medicine,223.16409138667396
568.1952971294963,22.840068977241952,Equipment,183.62043868726116
468.9733243406544,11.761681274524381,Produce,202.93661006980003
532.4166352488442,12.149043036715405,Equipment,203.0263398190462
486.98569456323156,33.21327451709208,Medicine,252.27738338079743
509.6995964992718,154.18490024121914,Supplies,244.55113086055246
559.5157025436913,32.527011808956935,Equipment,215.58817225400574
418.17793167665275,24.478665329039437,Bakery,201.01847662296387
709.238727568546,39.35236572578434,Equipment,246.5174912570071
399.3982618500298,18.776187839472268,Produce,169.95127235256447
378.5811387212268,1.8608053044965265,Bakery,198.68862278191656
615.8110873500068,24.78642780431883,Supplies,190.08037671482643
579.1662693962936,94.83610281886006,Bakery,249.05091480688944
562.4119817052156,5.782174888221106,Supplies,180.96733530359955
562.8345509264279,35.13596275404774,Bakery,223.8962443982002
498.77532271530856,6.729340312267738,Medicine,200.91762156522557
410.2745628514168,23.024982780793394,Produce,191.8342113389489
507.5804558193726,3.0502345110708267,Supplies,203.84552398871637
432.28382884878886,17.95534973537642,Supplies,191.91505146487148
597.5119733417752,42.3376997562737,Dairy,238.30313906225228
485.29426184978615,12.811612844563625,Produce,180.824442086783
417.45028032074885,32.800838186282654,Medicine,190.36063056064972
467.86141583470067,47.608279287490504,Equipment,219.69629239197036
541.2931454275624,78.59204078112627,Produce,245.94627078391528
443.6275447196025,8.022350631466669,Dairy,217.82734330271322
417.77796044335685,15.290583987436044,Bakery,182.3434755186691
524.3687211491913,4.960960359672084,Produce,185.32637918754824
524.4966571108723,146.71964886144164,Bakery,238.01980689129937
449.30568246288703,78.51927291475717,Produce,211.34078258244983
452.8961694381677,23.29306796397368,Equipment,206.86756113739256
523.2049937357637,55.36112976185915,Medicine,220.67115666994198
355.1915658502676,22.079008658948588,Produce,194.36825681851752
359.2536225623445,29.311945458651923,Dairy,186.77127286560417
428.15557787475643,2.8004693862906542,Medicine,200.6969330450522
478.6552848288153,42.22804305467216,Supplies,166.02572221390426
531.0907565598004,4.099120056867213,Bakery,201.86282467709165
647.5356216949552,52.47266204806018,Dairy,171.16717377551115
585.7659623202019,45.70167201055995,Supplies,197.68950907406048
484.0061470036573,37.00665207280827,Supplies,154.29447586246707
498.0983792097311,1.1049110415465935,Equipment,204.48218377268273
399.7470635362191,10.834621201546504,Supplies,180.9401640096854
498.148686400761,9.159604175373824,Supplies,183.72809036708463
471.1341361079862,13.39500786058551,Medicine,234.23104208427898
532.271856033809,2.751709217171329,Produce,170.6247097954698
417.2769056447677,82.91853902676222,Supplies,238.13422403616906
551.9346514241172,24.209790562895446,Produce,220.94219170906712
653.2738913002578,10.937943658428065,Bakery,211.0652552148609
489.12398515431425,15.174222933197973,Equipment,209.2119129256893
540.1711722098942,17.782908067278907,Dairy,180.7827010063962
569.0143991711112,27.53333010662376,Supplies,174.17782173986953
459.8779528114164,21.75024756136319,Bakery,189.69112459702924
522.4092481810417,75.5447113955294,Equipment,209.43372635458857
501.25924007817946,20.612775387623685,Produce,174.30115884642476
509.7676098548832,145.44789796080707,Dairy,288.16237130779837
422.6990216144534,57.19995339984841,Equipment,195.69279085397292
502.4510174258943,7.015160515182957,Medicine,210.80278136731852
549.799829124545,80.03398381766563,Dairy,223.58994749301368
645.1143607795042,3.7113833852982885,Produce,164.95506175962922
595.9270826085207,51.02188722032177,Equipment,220.5047990388414
715.3182457511557,14.371248560012916,Dairy,180.4723493467265
423.26524371119507,63.10571304729709,Supplies,192.50669997305872
587.2320636720679,60.761487574668806,Produce,196.737649377885
518.3342005738352,49.18537975072343,Equipment,246.1716299173614
718.9802933217672,46.823780806927836,Bakery,258.5371741791351
419.17017146448484,10.901456087753603,Equipment,179.4828210157549
416.0278157819224,2.531439876022484,Supplies,188.14263506929686
440.0607354555978,15.47414894226899,Medicine,184.81682846737957
287.6104275690193,5.717550700999727,Medicine,192.48940568080366
447.4244978319239,35.61849452932422,Dairy,206.54790572222876
424.0867338446302,12.744012786393192,Equipment,184.061081404333
515.0393786476208,111.40770906381249,Bakery,277.6548623988037
534.175597577716,30.730653436083728,Medicine,233.4327285314095
687.6170839215886,51.86025526229813,Supplies,220.46630927980843
595.042383818605,4.265046262996783,Supplies,148.53901278879297
442.3096344337597,59.418196300093534,Medicine,204.73913568783348
410.1585328651642,76.82404345848398,Medicine,226.97369634384393
549.1919171506506,20.02800421644748,Supplies,186.80064130882184
367.9766792979358,27.961396494749717,Supplies,148.17429168368994
683.1458765854354,43.42082202995513,Supplies,258.2585321850895
617.9440120721287,5.765289253637379,Dairy,235.00492693910303
453.08243478952954,20.948776446491834,Dairy,207.82499811004854
328.68654709091226,15.257994470087034,Medicine,191.93838916980965
635.3872374165413,4.747863331357831,Supplies,181.66847600931004
488.5460154747382,13.743884473701945,Bakery,181.68817458388008
623.7816311973462,2.1182208811233063,Dairy,204.9868839306735
340.5572341205633,0.7845263990643794,Produce,174.60303741444352
440.06249770462273,4.3565409698569075,Equipment,151.3493087457582
500.5243699718183,98.99860019931323,Produce,241.2352654417364
504.6980593764742,23.923882996743686,Produce,194.32656645952432
454.9934528520756,101.28533495652319,Dairy,197.98586160592134
562.2849932347499,16.995323730247495,Bakery,192.5184609730087
393.23795706174053,11.210976849921122,Medicine,186.65717346270173
485.76205149787063,21.16520924331899,Medicine,246.91256291825036
512.0295631711899,17.36840671879645,Produce,206.0182221671924
551.4438834058749,3.350235017951758,Produce,165.10987446756553
571.161487808889,30.71847613192478,Medicine,232.19611263520403
387.5357908162131,7.30184885994992,Equipment,141.45842373282895
346.58858292643777,28.995008535172914,Medicine,220.8101836379717
627.7676821898509,31.51190517973859,Equipment,199.1102277724968
533.2314011979591,4.9471185466333925,Produce,188.9239756183292
425.15134634434463,1.8993662685159416,Dairy,209.98075071953625
655.1151975522523,45.52786479671791,Supplies,182.53218078189917
511.56746342928585,18.47449866274159,Supplies,152.45163197203956
617.9297184063827,1.7977170031144756,Medicine,201.0198438152754
506.7518481410109,158.15795930209995,Equipment,280.5217414855374
706.0747924881987,1.7855124427327105,Dairy,181.11331396064938
675.5340842443204,35.626770405004535,Bakery,173.72368166472296
475.10358515209265,123.45894232970859,Bakery,245.21665251188358
597.1570950954356,8.200758508714411,Medicine,224.85090476211917
564.5375949585148,4.6032558370075485,Bakery,227.76062240913183
636.8631557532349,3.8822521807202808,Produce,191.36421442397562
403.5076539419896,10.840941178233294,Produce,172.54270384099556
568.6051459998439,3.1956961065468446,Supplies,201.53637733837274
605.8424486849588,35.3453840978455,Supplies,160.86210292351024
324.12605135768854,1.9294939139858127,Equipment,155.60693658910157
381.6741487334225,21.365137573039107,Medicine,202.65846145836292
296.07678222398994,171.38639660399804,Equipment,254.28525095009869
473.0593165555442,50.45546330030146,Equipment,192.33752944188748
571.7542255795962,28.65246229859621,Supplies,192.19047394137456
650.2357052096028,10.969464992609558,Produce,155.74175594900527
507.40947804197754,29.33667428457071,Supplies,172.24431669980615
662.8615545571292,22.462426676386027,Medicine,236.5875430449953
361.9898541785109,16.65813483950087,Bakery,169.8821721525079
329.6617560644845,4.2023677758103535,Bakery,181.24704392614555
494.4452301103381,65.30613179436142,Produce,226.0350389242685
538.4065448939307,17.923365893783465,Bakery,200.9513534191295
496.7305251905907,6.493325461842407,Dairy,196.3289906699117
293.25578999601237,13.754555501488058,Bakery,161.94820544465304
491.08799604872115,16.03970803860402,Medicine,202.99642803025318
369.5530499495147,52.727332532716,Supplies,195.5232946530939
566.9672548830039,39.684309685778345,Equipment,209.67833955055823
536.6598246096848,43.999749785105756,Equipment,193.93523196224263
406.0120213672645,0.3327768006460159,Medicine,195.2519186228653
448.61330826633065,16.143540793229263,Dairy,207.22529703598005
394.0786478111048,19.69544163114482,Produce,143.25676002513333
493.7320902726828,0.581365183993389,Dairy,212.84537291838294
595.5142320501238,9.025581120654788,Medicine,207.33911899171835
401.42739536644564,42.84974045143134,Produce,205.07740842716484
550.4046515517845,4.424031520016678,Dairy,221.19741938809136
446.9742381627559,22.991551357945745,Supplies,148.75972555063916
420.7127167737656,7.2698626823068135,Produce,166.51738296997905
489.29696400454424,0.3658449074633286,Equipment,173.341644936672
396.4757677580626,8.28056885550898,Supplies,148.1127907810722
444.6350694652818,111.73365069428634,Bakery,280.02906381040754
380.21221074111514,48.51459473884642,Equipment,175.14307656699887
696.472513291639,96.250426505737,Supplies,226.66152899229508
503.52635519717285,20.074368723335038,Bakery,209.47760051344437
430.02744920074144,3.487123625855775,Produce,155.70331621148026
521.3979910734222,23.819504310050835,Medicine,206.13593702724236
488.76719503091704,18.174828932607856,Medicine,214.31319919439912
477.9030400466777,55.805726621994275,Medicine,219.0359592280147
561.4166700043426,3.096969482598715,Dairy,195.82241456373464
575.7507710047305,20.097052068895387,Supplies,177.0369608859533
446.9498852389473,4.877285511537734,Medicine,166.84422509604823
442.418175935532,11.776877850411132,Bakery,201.56212074554355
472.4948302848356,40.10879634074372,Dairy,242.40254263180023
269.8078835264415,19.388945798748534,Equipment,167.0432938676872
348.4808937801448,14.142776892647777,Dairy,186.42476016928936
636.6874267444525,15.049846204757348,Produce,220.0481208791611
664.4967713501284,18.454864827507695,Medicine,200.29049961783272
475.09639604436217,46.11582605683392,Equipment,234.61784579544528
557.6556963055766,66.7922554897124,Produce,228.20827330386987
531.1250154543536,93.25674189066899,Supplies,252.37801047255203
807.8880808455237,46.38028891367093,Dairy,229.31829263090808
611.9574911434577,11.367918768121537,Supplies,223.240946949563
487.20824085192334,34.95551804043061,Medicine,231.7016929861033
404.44595593995746,17.266424800946815,Medicine,210.13860971151632
339.35536797424277,8.81787120746933,Supplies,163.02496148822192
520.3463635867223,55.141311785717356,Equipment,204.6347198900419
424.3649254715697,1.1755235023126815,Medicine,217.03488746779075
357.7746290402326,69.61086279121116,Bakery,218.39009169658976
435.34271157574733,18.56777804517839,Bakery,158.47676610842086
391.84519963856053,30.417228940036722,Produce,167.04940519973437
668.7141635072564,32.307337071487865,Bakery,224.30816984261463
588.1639756949451,67.64750694177062,Equipment,228.8401307036909
499.20273586833827,30.373286760128135,Bakery,208.9751471889
647.9944138890025,28.55237592332616,Equipment,233.45504514643662
507.7368307647618,2.069316023457162,Bakery,157.78630380743226
413.87157986717364,21.919741259676545,Bakery,200.21878734665884
652.3124077269657,4.881533212698645,Produce,166.31242287130283
553.8910043684658,40.11755757428235,Bakery,235.6421251336711
396.27538456735437,21.53684196976285,Dairy,188.5067851527768
480.9661321916392,34.20439040014525,Equipment,203.5910078597189
412.4381746615243,1.2769835824906306,Supplies,144.60465004560243
361.7200269035664,2.658118040054356,Dairy,203.09036034353883
592.6177547531641,37.7976113994878,Medicine,248.99507445623735
690.9416640470131,2.2444328890387903,Dairy,221.88726890945844
360.1432426180859,2.2176878060703626,Bakery,179.53282322757497
556.296923669057,0.36547140029387915,Equipment,197.4095737729553
434.9357430878173,94.05079458659368,Produce,211.38112024233158
451.2874616235304,40.12608129046983,Bakery,227.3028999880022
440.7606075761131,13.073929072010975,Bakery,228.6026431800952
413.6009230320184,10.552139436902964,Bakery,213.04837322123706
504.8521627944827,12.909793520006403,Dairy,182.3480636433033
416.9049883588962,44.703485991949506,Bakery,216.27058817732643
527.0456825779838,32.485470528855096,Produce,178.08447264705296
494.9761890550863,6.144214653299989,Medicine,214.01753245567213
476.10519531335905,5.738786443650657,Supplies,179.49198101041202
409.2436337958402,3.1073847358301845,Produce,140.0817289568558
442.32286694316673,32.39101230100538,Equipment,167.1921159665721
575.5391225825756,43.36511397671148,Dairy,213.57369131173795
550.0917187624381,9.23843848660771,Dairy,193.61119617673114
402.2444755201449,0.6350225535484538,Medicine,166.3524201204126
509.9332305429226,2.572347223708083,Dairy,200.05907125318998
575.138712337179,103.12965008512029,Produce,249.10816845508828
333.05947188786286,10.50565695910876,Supplies,154.67339302877028
554.3360192379935,43.989121299120605,Medicine,212.3123325701924
433.7376241054153,29.39797516464114,Medicine,229.04689252119337
557.0598668593159,14.435074674879774,Supplies,216.03166628513736
423.6740843457483,6.908340568677105,Bakery,181.15034904198262
319.51178993354813,3.8823026717130347,Equipment,151.6489919861149
337.2457562116837,28.636368854384415,Dairy,197.86691335660052
504.8084946661382,44.70085675022753,Equipment,195.67069024678784
525.9722501721482,30.97666900691127,Equipment,195.29761550740577
409.56833748955916,22.669968830594172,Bakery,212.08488119874644
563.8592458777374,1.2856976192732712,Produce,153.8416516472645
333.847993773104,103.72234589260661,Medicine,261.61201882066706
493.39202013526835,48.0908834653308,Supplies,194.83825423277906
378.8983800237543,10.394187859129417,Medicine,184.85706904069653
434.81638921978407,117.31621718151655,Supplies,220.35506442830768
504.7398671316414,27.6301741340844,Dairy,203.53766088061673
413.9586634716048,26.19856506134551,Medicine,169.87112280893473
461.5444455770175,41.35849884615043,Equipment,226.7324585298417
600.6292809214441,50.1026860153163,Supplies,205.94078374521493
442.31081304768514,32.05517672244149,Bakery,214.11871227493677
583.5692112065142,4.1122698594115485,Bakery,224.44405146183803
387.0293145342382,12.386816769465248,Medicine,174.47309068695046
552.9804177915282,78.96754519272619,Produce,239.2512523562205
644.15686206579,7.631891636128318,Supplies,182.8788102066673
252.83554998727107,13.96443328238039,Supplies,169.2011871442472
420.31047445295235,16.97307680156193,Produce,142.9730374390463
557.707212718054,17.36269622769999,Bakery,207.47018338083
479.6954613957007,28.475234416566956,Bakery,195.15075023217432
537.1145873371308,85.98106151340588,Dairy,245.3472485030991
439.60148132841795,8.260461728225593,Supplies,177.49126274431865
508.65897874729,3.88622814014857,Produce,173.65649404836276
484.432276460792,6.599599556815943,Equipment,167.4995501409663
616.7782061659807,65.39109243301655,Dairy,232.16005946195975
525.4420843301214,31.137722432286836,Supplies,170.18022510285138
533.7602662075202,10.102253336370552,Dairy,215.26682719797984
458.8123033877533,50.775935633241616,Equipment,193.8850541464472
451.23937759275066,59.27840217599086,Equipment,146.62337446083768
456.7441812180379,56.22444383943226,Bakery,211.29019890908378
539.4452142378296,75.37198629822696,Medicine,220.85963815601698
457.90155191797373,8.720237172438463,Dairy,157.5247574687977
528.9774856896413,42.200046624691666,Equipment,179.2492391168585
707.5400798645439,18.515571235563428,Medicine,232.19996304089548
587.1124703431692,55.354532612203556,Medicine,262.9613299053833
467.39764678321586,39.11276405804271,Equipment,202.55983618464256
620.1213922163945,44.94326261596778,Bakery,217.35370276530855
459.19246269784486,32.02752572052628,Equipment,201.05109303346168
296.1875464822146,5.859605928718376,Bakery,168.36675140820083
399.1913689082596,23.625510725766137,Dairy,177.83988487044616
312.9208078974144,125.33779785050837,Supplies,190.87372635033594
464.8486515958691,83.12398164022298,Dairy,193.01027984466404
501.84183791895515,1.3240033835275822,Dairy,183.0477113524704
667.6437312275283,5.403054034522647,Produce,207.6269699384168
532.6927373764163,4.237534204580557,Equipment,183.45556743963414
478.08994711911356,38.83661562181161,Supplies,178.90796396387
582.9405581183489,51.077093420875386,Bakery,209.91768130833694
278.88646909921147,7.2053102505015865,Bakery,188.6562258688713
523.5614558108566,21.14764841518587,Bakery,181.5873313897469
577.0865193886967,55.10955211433411,Supplies,220.78398627290625
352.1413754220158,39.59290855941529,Produce,169.96625144337472
614.375404320693,23.44212434861385,Supplies,178.1098978593155
533.8496407494414,26.77339513710097,Supplies,157.4359578311811
458.47120860991987,21.30028950205218,Equipment,176.46922267430534
563.2781866106285,10.595365500048615,Dairy,221.13175058064672
727.0692857804396,24.973794224044667,Equipment,225.50638745894545
518.1866255058495,35.02780893290437,Equipment,218.90100925759782
524.8220586300336,61.98342225322357,Bakery,238.91676790829385
454.0639100459756,30.342064646245632,Equipment,168.50402675711302
415.01556305352085,42.95401138756578,Medicine,206.36277751258385
583.0335816544246,5.233160114673714,Medicine,195.31595564043005
414.3916174091133,18.572235559991277,Bakery,222.3367776016878
507.15662372193924,0.2812629649336847,Dairy,166.92052092613451
452.23425532348836,8.497910020736008,Supplies,187.34633433049908
547.8979825746392,38.889410568338576,Produce,227.0935809438086
533.3662105286949,144.14506322658417,Bakery,307.0015567004833
603.7539944257899,3.133431291332783,Equipment,183.74838323565544
448.9983601145253,15.39957770164258,Produce,201.84606805387705
473.01250647066286,48.29378456705245,Produce,252.0811796613694
402.12362842176924,6.846025837846913,Dairy,171.28254222242646
455.57067399238883,24.29615737042847,Medicine,177.00434113380595
537.7300493044852,39.62321047704407,Bakery,180.98440949081527
575.6988616645352,28.71224511494297,Dairy,226.18024930115163
407.78346758223745,6.248562019003502,Equipment,136.2396236065538
586.960592010566,13.17304111568972,Supplies,177.836198700143
635.5637858804951,45.94540124681963,Medicine,245.27534295223856
541.3434903223701,24.238330055885296,Medicine,219.95702479677794
687.6795812558066,0.15730007502734927,Produce,212.35550544677778
422.6210800896427,42.937592004828716,Medicine,218.17670112739572
375.5345296688583,1.0784963193466262,Supplies,183.67001739282702
322.12797510957216,41.08120384059132,Dairy,173.70707181647694
649.6044311489184,6.787472059556165,Medicine,204.8142763754993
565.4365656354057,95.15510158679358,Bakery,233.66801845152088
494.4415329089545,13.7631642386881,Equipment,202.9295716474917
527.996862631982,11.877250329100692,Equipment,206.74628319564982
387.45109527016234,4.836348250053567,Equipment,180.1877900384132
744.5751979616826,10.941395590465717,Equipment,233.59809092919969
512.9221181975228,62.78206836529917,Medicine,209.12242865487426
510.9394794604893,168.26238692127168,Produce,303.56962363770754
572.5766623898692,13.780673048063402,Bakery,239.6127751972638
548.1009231736713,17.859421815311084,Equipment,208.4522431699376
522.3884024279131,38.411681137347294,Dairy,247.08065898688614
420.9525544554688,65.19827038389042,Produce,176.56192648393662
547.1468357135996,26.971530860358502,Bakery,202.71148627628617
688.2024496475034,14.904017983677944,Supplies,181.56618474295027
634.5420046154977,15.962593294510118,Equipment,215.86508358395167
659.3186626639397,35.68416806267533,Equipment,192.77113550568873
448.8784323568815,0.09670360056703875,Produce,195.08609802272136
401.0395179741419,28.99511756677756,Produce,217.01223346073724
487.4213079900352,13.178088351892486,Equipment,199.23523297662976
505.57249122886947,47.425124643323876,Supplies,199.94483191777894
609.4191518470949,2.928075269695681,Bakery,187.64848600154235
330.75353702851805,26.616689681335103,Produce,164.44667922101206
652.9550319460614,19.673974856808343,Bakery,245.12486872894365
484.19921014210104,30.84395989423934,Produce,214.42888103943642
457.311893005258,2.0115653553204558,Supplies,165.95658159063515
398.78956247398327,26.02385901264433,Dairy,184.53269483840268
334.51433281342304,24.73080961808642,Dairy,145.30068062815798
582.3170583961914,24.674456793020518,Medicine,199.15188586244062
507.3317967188404,27.75144398122235,Dairy,242.83728340528967
371.0039100258946,33.85371173471262,Produce,163.41813544989643
370.4921227936384,49.04097930347979,Equipment,195.35929835552534
466.42153007098716,9.43395558378748,Produce,206.50801026289642
666.9021525289393,52.29755066433693,Dairy,207.74053722501657
474.0408648636395,20.689938487788286,Bakery,206.44326522587977
349.6857046881894,2.405675623901074,Medicine,204.92971903098257
475.42569359140555,1.8100507822517282,Equipment,178.69758118841142
472.72764302523296,12.204705250807647,Dairy,250.74317804126247
230.31133570584285,46.099145681910244,Equipment,142.7087212339755
494.57051334821875,36.89728152062352,Produce,224.08026269281123
476.9065469791322,46.62221989420793,Produce,202.5457298970879
569.6206364813419,21.848874996455642,Medicine,233.32490424309552
684.8956094945345,17.405217356937097,Dairy,226.01831266190692
612.6565029547758,4.785791526806485,Dairy,188.99542211668086
473.11113094451696,11.933514459970958,Supplies,177.857798173624
389.347409125833,17.075862516576993,Bakery,155.31464314290605
757.335980324986,2.783216148076852,Produce,224.1901561179649
505.9218434014488,7.47738665941839,Produce,195.2940469896646
501.3929291912946,27.355913413762828,Produce,211.59045299887293
497.5874912889997,39.91592720729103,Supplies,210.8790792342885
519.8084760767855,192.1641864190243,Bakery,300.4153376213849
485.56395880760573,81.14266813212947,Produce,227.08951834279085
442.63379931197636,30.864069294086175,Produce,177.0740478450149
445.31410587596076,16.406439298457933,Bakery,183.490214963844
496.7246729784002,30.33266387339563,Equipment,218.57349163808448
445.6575228866235,46.20457904229278,Produce,231.3947499239283
428.7154217322836,3.7783339345810205,Equipment,169.9985004142778
510.64302276918966,15.824146535091867,Supplies,179.8964304895304
474.5022782579145,54.940395355140915,Supplies,176.8281380034866
650.3992988582688,14.527115108547395,Bakery,240.75862434544948
234.90301916069882,25.450010886301353,Bakery,194.52364383305613
609.1506851922462,26.58516847595217,Produce,248.0320014864757
624.6085192497629,6.117742138510528,Produce,182.95326145063677
292.660976759185,13.493582836467914,Dairy,168.4527311137881
465.7312405919651,12.217008122659049,Bakery,202.31054657103746
462.85591340042083,0.7963786564400883,Supplies,179.61357142277754
359.24883052821787,0.7346757381159095,Supplies,151.97886817092711
422.21833124091245,53.459688364174184,Medicine,201.49245549710434
388.94241545341714,9.567786192901051,Produce,196.30628522026367
675.2270443423622,21.89923781155562,Produce,227.89503059092567
593.5678393147462,10.64567970239679,Supplies,166.3541417713985
627.1555094994159,84.74388108475569,Medicine,282.19634751442936
572.1672064043235,9.004656546017829,Bakery,230.12302309737333
387.0948228782771,16.84551049255771,Medicine,199.81816747906242
447.5479733720226,61.84339299346779,Produce,212.26845108145687
548.9374561227918,55.34219612946385,Bakery,238.64599909932926
377.7872191108055,6.1775853807168595,Supplies,143.63345319631378
571.2998430172388,48.682277317463814,Equipment,212.0717525437374
475.9674601841865,18.385024394473646,Produce,148.7415873234719
462.5179192450403,19.789565926613776,Produce,208.6756877978696
571.0959968203491,4.2981017069370795,Dairy,168.02878608666626
544.4263311486039,2.521069262199701,Bakery,230.77156431454023
463.903383418092,39.05190304354317,Medicine,209.3138879842518
615.9329803364249,20.582832437905502,Dairy,207.6513746139717
391.89366724001025,17.22631512423394,Produce,170.2478461644279
561.5935606944264,39.22540803945114,Bakery,215.0112826107267
559.3101257968384,43.51064096902156,Equipment,236.05695996715536
469.045356068601,5.191632922811984,Produce,134.7441789375645
532.6133022242118,28.26558038750541,Dairy,232.93342813793763
374.8886423614697,4.363055985836242,Supplies,166.43086185109925
592.4027019206901,41.754296634820484,Medicine,205.97698555233495
481.50978635570107,32.09682301847832,Bakery,187.69314228382453
447.7276979480961,94.12898357880974,Medicine,275.3651221283786
604.900922583689,2.1435272252559683,Equipment,172.65171827214226
429.5656309457241,1.762410804745124,Equipment,150.77075828502578
359.15387036364405,9.94638880784592,Bakery,208.6348722875819
344.33708264760963,9.102381940691496,Produce,180.755956760825
560.600995134564,8.509856888871818,Produce,176.55651642716433
371.9570647503717,71.01517422648928,Equipment,207.03579309637422
675.4794181984364,8.6123156569082,Dairy,191.33904597549218
291.8070592116278,9.521555269625843,Dairy,195.95791152442777
669.6456368290038,42.73836760791483,Produce,244.56116678432048
521.1017467202619,17.92092296595171,Bakery,216.7107601314409
490.32868881296076,44.97859194775379,Medicine,228.7553860801133
445.508091319105,2.028013162857755,Produce,215.78857821068686
539.913611435207,20.057804763112102,Medicine,214.01399007284127
496.23652975751514,1.0257457481384948,Dairy,166.49904334140476
610.3301882016522,1.9410585453189575,Equipment,200.99302634947082
511.422764866204,71.07375354436452,Equipment,258.40009424954496
515.0301761461877,4.498373971393351,Supplies,153.4570147365984
463.63877877861444,22.805588431866298,Dairy,190.5374167599149
494.30543762789324,15.88474265755684,Supplies,185.7018358535968
530.7801768892059,12.801121667836096,Produce,193.40048154272384
328.98316073433745,69.0275981102648,Supplies,167.76604352101987
365.1814577894287,0.6619514806500459,Medicine,209.28627864387732
574.3264094022715,32.70055142498069,Produce,255.18373109306268
517.0865438127942,99.22664938405102,Equipment,235.24460825378307
481.60166636473207,24.640885808425562,Supplies,162.39924374596598
501.8433933065393,82.85419358757358,Produce,195.63222562337123
534.7581705361671,1.6101851488747216,Equipment,189.44042925247768
446.02403196906386,16.279465568918884,Medicine,224.81968284769098
422.16952745976874,9.039550396520662,Supplies,176.24008287414483
519.5845255097681,39.371356892194214,Bakery,216.59605417869685
402.1627222384968,119.37228536525048,Dairy,228.1169818706888
540.8252755714472,8.892808427509543,Produce,171.6856591165377
329.74163957621596,31.85463779490095,Dairy,205.59650938156972
602.9155637325644,6.6230524540283895,Equipment,211.87851502798233
547.2597482413044,24.99506226443875,Supplies,156.30891022253513
525.6029734313876,18.704855045169655,Produce,228.70950442933727
598.2690983945514,107.27223392724346,Medicine,274.9444512209569
666.5474444462577,28.135182841132,Equipment,238.71422876810766
601.437006501813,12.900713302587318,Equipment,169.75150233177266
315.9125768668355,3.634393307268605,Supplies,126.09197123200909
372.0423033264299,4.919605911643089,Bakery,181.6846470931186
437.5181422304321,7.659038254226469,Medicine,207.6370218880603
502.6091050210834,8.669153566841095,Dairy,230.52270374406817
551.7659020469123,57.03706482789331,Equipment,227.8167008949405
427.42561868465344,24.712904553503837,Bakery,195.2453886089766
518.6766764477078,22.231759343563304,Medicine,192.45616316323458
424.4617067646677,3.6571951902389372,Supplies,188.87477972596926
438.8482197008052,59.01333492465262,Produce,189.0973809173925
359.33389031517777,38.49202835621582,Produce,222.74877430507212
407.6766753889096,2.102000781585489,Supplies,156.13097493755353
364.83153943836663,36.913107018073624,Supplies,206.7513489052305
402.4126747022667,23.527509018521517,Supplies,185.583647780673
605.364179660784,2.557762364090048,Equipment,189.07538935927425
405.06011111680573,18.391323618201074,Equipment,169.31374548425856
763.2382064837391,19.88996455244805,Supplies,199.45064537767635
549.331790088089,5.437547328654493,Equipment,196.2182865206409
518.4836123694874,87.39590782198488,Equipment,227.08944507229552
414.16422198187865,56.908674247040544,Dairy,197.99453116033402
570.0309879408992,33.17113170780654,Bakery,215.2760364416405
442.4362173762226,18.61338719006657,Dairy,195.12185592703858
512.2009814645362,15.918890152705321,Medicine,166.60486133451002
756.0084538268795,31.578220029421754,Medicine,250.5533176931728
490.394010027535,23.652224229113774,Bakery,186.27108862297425
614.9273326285676,1.9288959008137967,Equipment,169.39053314914875
429.68235748741125,21.55411265802106,Medicine,169.99840513553744
496.50115095030384,49.25939365104397,Dairy,178.4019619631946
677.080063563551,18.4433848539669,Dairy,189.82074872109277
437.30329422122327,1.60064920525348,Dairy,170.35023487213928
681.2448557996929,46.292403204337106,Equipment,260.3358699326692
570.7751935455475,6.74549201057622,Medicine,199.93267184193877
443.7533224105732,8.977292722451107,Bakery,197.41898072764351
563.2407739055521,5.399158302522049,Equipment,197.0332842719428
597.255444962673,12.023958314151427,Produce,203.35882737766
562.1809962217196,42.41015243449549,Produce,210.87430662489984
342.97752801095436,21.980716005721288,Dairy,161.3822355319712
427.2862824175131,6.877915043612653,Equipment,205.18613672914188
475.24813644484954,63.07027203796463,Equipment,245.20388253622497
492.5566570899954,63.50355153239503,Dairy,187.35426759274333
562.0672097550678,61.3404054030731,Bakery,211.39635185931573
517.7701000933254,8.185624992207623,Bakery,195.27361565789624
366.46556412898985,18.00278689296879,Medicine,176.35719396117955
538.0197851005963,125.97047174789853,Medicine,276.9065254531262
561.0585745283823,44.35393116548336,Bakery,208.71737898744763
555.979044793104,0.8262983591064457,Produce,234.31217501499566
608.0780725554622,2.022827634573315,Bakery,230.6301929597048
583.3922154548904,18.704792933131888,Equipment,201.94309862469927
545.9180079228437,71.97955648961043,Dairy,251.12130430348424
492.9834288541353,23.211317580117615,Produce,218.02201016261853
333.90390664840083,20.663452171466762,Produce,167.4431669894086
542.9618219132586,3.3438292354981325,Supplies,159.64375191823564
520.7687687163111,32.08151829392887,Medicine,219.68049727798848
527.1578837195374,51.796543518905985,Dairy,235.84678262136563
372.32514241796906,14.361403859015526,Equipment,177.19442414437302
391.89434595917373,44.83133755015115,Supplies,150.06517372717298
605.3152853332904,100.12695486156294,Bakery,239.53851708509364
496.0444846143345,6.835882293402393,Supplies,171.5429323362471
568.1500697372625,22.227902331064072,Bakery,211.41564605274166
502.8318376130461,10.154021006671616,Equipment,224.81103780043657
502.9756139495745,47.230003296524224,Produce,181.1928041952396
593.8283805975998,25.853605228189345,Bakery,227.42142551057216
448.3955271782626,30.20143553499828,Medicine,239.7225326518912
509.61207769409833,47.97188158353199,Medicine,270.37614346963176
453.7724711294958,15.123965877653411,Supplies,164.85128158809707
456.55037725676846,73.98492637838896,Medicine,242.47608996927534
469.08278765313605,22.844635123661437,Produce,204.72580347111727
522.2133771633713,5.157648347679551,Bakery,203.7097965212427
452.1251378336523,35.71187353489164,Supplies,181.09154652602496
625.5756125573521,47.28899537771864,Equipment,224.92156673459544
410.53926977804963,11.42734634387131,Supplies,116.1226784453469
481.3128355838641,58.38494941540087,Produce,225.96514806733947
456.0268941725825,70.979569380935,Medicine,233.6160321809651
644.6977884353732,9.726418787113932,Dairy,204.88349030152895
519.6554776511574,123.17091366845216,Dairy,294.48824851373297
603.1844539468635,4.549517711415166,Dairy,189.0945238745829
351.44396269630283,6.769989489440274,Equipment,160.4678712330498
526.7050265869259,6.108495008027152,Produce,230.55581620680084
588.9630795623438,67.32657342552397,Medicine,225.91836857199922
508.2283989275424,31.8648716560411,Equipment,185.752970062044
606.5480375065351,4.949928787509114,Bakery,205.18925967579108
448.2711549899628,17.41188584669616,Produce,205.34774806493536
640.9347440185579,28.658590066438855,Medicine,232.57881958214153
729.889812361925,2.6146207600097204,Equipment,178.4437846731521
463.7161439560341,64.2181632102682,Equipment,197.83732473819373
455.4497478599228,48.82859653360824,Equipment,187.81218438855217
645.3384477117701,21.108459842455083,Equipment,203.54365378794367
657.9572145730713,102.45275769150264,Medicine,275.53897347565504
447.71399728467316,16.226226810881844,Supplies,181.24862825166767
457.98131829041426,124.26256129353521,Produce,207.409177394841
471.82153911394926,33.07138114904067,Dairy,224.9966642371324
365.5549488965723,30.208731284805626,Produce,191.71123745199253
408.1348053515802,5.444033871199043,Medicine,221.22613842263567
399.5859233247932,64.09375872264167,Bakery,225.8894382396136
423.2202434895872,16.73173594050676,Bakery,217.71435147392737
496.5315112613219,5.310472334480532,Produce,196.63929352237503
523.421473253652,0.3806300736880687,Produce,214.45697748626418
655.0500492814077,24.61276325141627,Bakery,233.25639927420448
400.1645959261209,22.485153439755095,Dairy,189.30073138363156
598.4322398476584,38.11979534241282,Equipment,254.35181606490988
478.6011155774491,66.28870817206284,Dairy,238.78520808937418
495.0536290347567,2.4821040054164847,Produce,197.22130332627216
567.4819492166604,39.44673881281778,Produce,185.9454759973082
387.72779784377013,6.225929824658075,Dairy,156.1195923474353
538.2409746184051,58.595275577056746,Medicine,238.97604489320594
516.6452208213057,51.288276438330136,Supplies,200.21908425666044
549.2451264008149,23.347675028973015,Bakery,199.3158988544017
528.9168643907818,37.16135829936188,Dairy,214.29201958100032
745.5300139910894,11.321644518341895,Dairy,251.9863622191518
436.2260015748684,19.11252860368385,Equipment,197.08691395033475
446.9003044998182,51.71801717876888,Supplies,167.7288688443115
437.68594735752356,18.444789552722476,Bakery,195.7608129692547
444.4522880839745,13.285583885596688,Dairy,174.98869113414457
436.26128726934826,20.449156622545928,Produce,181.09670871003658
618.9016531107552,52.851329858022716,Supplies,200.04351692749404
642.0504247989854,12.24843421393001,Dairy,200.77634793478347
442.9253706250524,5.726157568238868,Equipment,152.05290840715676
416.7644426895771,37.34530445205851,Produce,192.79600286462315
547.1415556386404,52.45724319854694,Supplies,189.73062442619133
444.7776955719029,3.182072282942652,Supplies,107.47983189861628
563.293181775551,8.22813654924406,Dairy,241.50282694221042
520.29230208513,4.593556021825054,Bakery,221.101401303759
348.42558850027683,12.828625846681685,Medicine,183.73085727486858
654.7505201330061,17.954260437606365,Produce,209.82856322691578
679.5877673095522,41.44832083451468,Equipment,195.2498502018613
438.72113095156135,31.593189766065045,Supplies,213.58316553440596
461.2298440064016,29.10091846046793,Medicine,248.61921752633637
528.5865390724905,13.03330114220913,Equipment,192.50917904328412
533.4456789987025,55.25009535102925,Dairy,241.44022845909177
565.8544272672831,19.119295321317782,Medicine,219.65082596606567
701.020453876635,116.04727249784673,Supplies,221.39117285906826
482.30527725059505,30.16531131029318,Bakery,200.07671600093298
420.17027554615464,4.049335715430757,Medicine,196.68025474777
362.06807719854726,33.826798335322664,Produce,179.0292525126472
426.9069960058081,11.795900907588306,Supplies,164.21558450567426
496.6873027126203,34.78214592074659,Dairy,205.23181208145303
679.4557863517788,2.16554715208633,Equipment,197.4107822539118
448.23887009638287,5.7668457137736455,Medicine,198.7524796764748
522.3787951638899,58.08357153054391,Medicine,210.06756395372895
498.3577103927248,7.7312562992035465,Medicine,189.36107620631554
618.8393273448085,54.42772236338496,Equipment,193.40610860217393
752.6932425873622,9.82497418136242,Dairy,239.7381223431414
446.91312270796794,30.890663032507046,Bakery,163.02370495024383
451.05605574817776,35.53987105288916,Produce,220.94734796760088
604.4160877069072,21.563474438656485,Produce,233.95033393527584
568.1891489626312,10.928716505669463,Medicine,206.23966140944543
684.6707325736033,7.172257804940574,Equipment,149.99046040328466
558.3928185325964,1.0125785763168216,Equipment,179.11935990207223
464.070790921294,10.869858357036279,Equipment,180.55832504487117
559.0654830692309,31.766992382766603,Dairy,191.57808009972814
610.8703580582908,83.56648337728122,Dairy,232.56590961830483
582.0482181197364,61.48587798289198,Supplies,239.55166478068665
550.7274031107298,43.58133074242134,Supplies,210.16194892831848
606.6674689589154,46.59844030241104,Produce,200.47468475953508
616.9295590445672,32.80739051765019,Produce,181.14466777137318
638.2158991037527,9.044784398918106,Equipment,191.80363575763892
564.8709887589642,71.31765276585271,Bakery,232.876789671814
483.28819196831455,33.326526522602066,Bakery,219.91606620539883
514.6713686433322,24.659474636591412,Equipment,183.09053993127574
620.6508966508356,3.5293859365279396,Supplies,194.05977414058478
418.30643290127637,17.774931701518113,Dairy,229.42118994209125
536.8673308872901,18.505494744089866,Bakery,224.24950090965916
460.6661187672639,59.977595755708926,Bakery,220.0936396079654
502.8744822934818,23.73260696957293,Medicine,208.49074229306876
627.8451862607299,14.360461693427355,Supplies,182.83128678918922
519.1099068019903,112.90851481057017,Dairy,271.978066334527
504.64365481561487,3.520313988802755,Dairy,179.6782535569368
364.0143859020081,16.47392095954005,Equipment,175.5428532499705
574.625356602722,1.2879977492064423,Bakery,204.13049257249713
564.5484181141076,40.401148489894375,Produce,201.6197322001273
716.3254723305461,75.05910093491633,Bakery,226.71278674283076
469.2221765046999,9.85667744742058,Bakery,203.31004644653365
521.9150327663939,58.63011886538489,Produce,215.28648327222416
524.9383683710755,10.368584037548981,Supplies,187.68293824461344
657.7453279763474,72.49619353841912,Dairy,231.35062343806095
490.4704467613048,42.068066748365084,Medicine,244.497504026574
527.9021525770339,49.02833301529316,Produce,194.76890614111306
560.7896509716539,0.5451193924249339,Equipment,220.5923304737357
518.6609123156359,98.75174917309191,Produce,201.28923562154432
455.35663854494715,38.91237156494049,Equipment,203.68725092810277
519.4089992898307,10.904560841931689,Medicine,216.9017940004814
607.3631749859773,53.052071148147235,Medicine,221.35121171385367
397.348470058894,9.918572328219573,Medicine,203.18201192721943
513.2969674146876,61.84895392243249,Produce,242.84454709788818
429.9879185060827,3.5831202744328268,Produce,135.45397520074337
619.5046628924842,36.4900650013256,Dairy,230.25039493972753
347.68130952162255,23.34145112901766,Medicine,146.57344011006955
444.10781527284115,3.045519645795286,Medicine,176.6202452797176
537.7211875064521,8.307955046649042,Medicine,240.50942357198863
656.5524029234341,0.3744482542508406,Medicine,204.20682375162778
493.42497389270125,18.976691299808458,Bakery,180.35324375099492
444.4800473306802,10.754522845115833,Equipment,175.8665115759323
688.115706944059,27.36578551246716,Supplies,243.8525902139105
355.19860995837564,10.5821015983571,Medicine,154.1772668508956
280.1194043379918,10.696781868740223,Equipment,142.3341331353824
544.0014450053333,40.782936684810785,Dairy,244.74024650653124
449.7945775647389,1.4802087971986608,Dairy,222.87360902582788
397.8767182869287,69.95887086573536,Equipment,202.69848277575488
570.8356447299353,57.36982594842229,Medicine,210.98742339667186
524.3800713771199,33.06096538540236,Supplies,230.88535986659636
443.59213692632716,26.984599202290205,Equipment,219.74036112876178
371.9695601329106,66.85286671329168,Equipment,214.20232912518156
587.2457328280145,6.149171282519664,Bakery,190.5511119453129
565.0201177958661,2.4678528097230723,Dairy,196.7553513676874
490.0824136220617,8.213776201029567,Dairy,189.90792784182435
684.6636996047666,47.480707075882016,Supplies,218.82374959072925
392.99152336738473,1.058566304859795,Supplies,188.84846425179512
347.44748290752614,26.226178176587013,Dairy,205.4461782017942
430.80919301187555,161.69664326580252,Produce,237.38171939439363
495.4413983644502,58.07501231507307,Produce,241.11157499437232
524.3339449322692,22.109567160264533,Equipment,199.7508208736223
475.876394214367,1.9726869645759453,Dairy,202.315298820903
535.2055396514297,53.40207462980218,Supplies,229.5524084656161
374.8460575809556,27.412207726311163,Bakery,173.95910463098014
644.3764604073259,3.6627578190845185,Dairy,205.55251337614558
491.7848821607431,2.956753892233845,Dairy,180.02777413500692
611.7295831588127,72.11423192353017,Medicine,215.87288577033723
534.2725346377704,33.187263320641534,Dairy,216.9550846761962
545.6753219153784,53.03310958567214,Medicine,281.3152180160624
556.9767280232204,63.35371112264824,Supplies,170.5729734735311
544.7708560017315,25.443010111947604,Medicine,216.55297843515754
564.2722759867544,21.859895289347364,Produce,215.1680339448446
632.9152530132432,16.88607126283723,Equipment,204.19612496586657
519.6521169701471,11.435466603401494,Supplies,175.42038394840063
570.9003757588512,17.106440696494015,Bakery,184.65893065521564
491.02643057127733,44.60063774000178,Equipment,206.05869678593191
644.0117215449472,27.633327234513306,Dairy,203.08255623143287
432.360769794073,66.91443316888008,Supplies,152.89485946427627
680.0940432910816,17.57617571765832,Medicine,250.68933659821195
495.9842049355657,28.025208862958667,Produce,217.77874132187677
356.9224897881952,29.933773790727795,Medicine,201.69235541120503
512.8104414910789,26.87238391978539,Supplies,189.2987298731146
431.89483425251194,36.383724376589335,Dairy,222.86770586785707
584.0643548988724,8.131965591498382,Dairy,206.95921142119806
434.7376020697609,21.545567907072417,Produce,207.3268952557386
455.381656678522,3.3019738043499247,Equipment,171.23950855255018
311.0459269054469,14.56016212497179,Medicine,214.62434852450951
454.7693680750923,20.063418260062598,Produce,196.9243604561942
257.61206733710435,31.68592292757865,Dairy,185.48520706961725
341.6097176514277,90.19230393695828,Bakery,198.85590195938127
576.0414656144297,27.537591729993007,Produce,212.11205951247365
578.5800158650832,40.82978479069776,Bakery,206.63379563196818
542.5457561784965,21.17275466567032,Supplies,172.0752984201149
403.3023856870787,30.16218674152205,Supplies,159.10381937314645
495.228864385802,2.2072073548839013,Produce,164.30179147803764
499.63974609094316,8.806641716554173,Supplies,216.86272352771064
384.1635310807457,13.475602821284715,Equipment,201.78093575848501
650.339830176715,19.187814497016262,Bakery,258.0352403090649
587.7362290575671,1.4017045200702363,Bakery,180.01657477468055
477.90358261703363,4.525527316139916,Supplies,171.47819691799117
502.6885838994531,9.722677623100235,Medicine,179.26004469741352
520.8382807947553,106.76996697694773,Supplies,211.5549140240081
295.82651315757096,12.074701459323359,Produce,152.25746237708728
475.2822617479403,19.73577907886253,Bakery,227.18779584305656
431.80157520022016,6.54832651336929,Equipment,168.52972721467145
399.83799901050844,28.30832175419748,Medicine,225.50554745202993
471.8899707114045,9.883602837342362,Bakery,209.213216281582
679.7686526849523,6.957680956477505,Supplies,237.52848078882977
564.084286126701,21.805625679732618,Dairy,177.7223569897419
442.8821010217203,0.16563035811929316,Bakery,214.55569007696766
557.2582781356159,0.23080656811200903,Medicine,228.77004850563213
